{"cameraMode":{"drawMode":0,"name":"Shaded","section":"Shading Mode"},"sceneLighting":false,"audioPlay":false,"sceneViewState":{"showFog":true,"showMaterialUpdate":false,"showSkybox":false,"showFlares":true,"showImageEffects":true,"showParticleSystems":true,"showVisualEffectGraphs":true,"m_FxEnabled":true},"in2DMode":false,"pivot":{"x":-0.015076875686645508,"y":0.33349576592445376,"z":0.006547152996063232},"rotation":{"x":-0.08755334466695786,"y":0.8982186913490295,"z":-0.20871104300022126,"w":-0.37679871916770937},"size":0.5378350019454956,"orthographic":false}